text,class
We confirm the meeting for tomorrow at 10am.,Productive
I attach the sales report for the quarter.,Productive
We need your approval for the proposal,Productive
Reminder: Project due on Friday,Productive
The shared document has been updated,Productive
Your access to the system has been successfully restored.,Productive
Summary of today's meeting in the attached file,Productive
Please review and approve the attached contract.,Productive
Your vacation request has been registered,Productive
Weekly team metrics report,Productive
We confirm the meeting for tomorrow at 10am.,Productive
I attach the sales report for the quarter.,Productive
We need your approval for the proposal,Productive
Reminder: Project due on Friday,Productive
The shared document has been updated,Productive
Your access to the system has been successfully restored.,Productive
Summary of today's meeting in the attached file,Productive
Please review and approve the attached contract.,Productive
Your vacation request has been registered,Productive
Weekly team metrics report,Productive
We confirm the meeting for tomorrow at 10am.,Productive
I attach the sales report for the quarter.,Productive
We need your approval for the proposal,Productive
Reminder: Project due on Friday,Productive
The shared document has been updated,Productive
Your access to the system has been successfully restored.,Productive
Summary of today's meeting in the attached file,Productive
Please review and approve the attached contract.,Productive
Your vacation request has been registered,Productive
Weekly team metrics report,Productive
We confirm the meeting for tomorrow at 10am.,Productive
I attach the sales report for the quarter.,Productive
We need your approval for the proposal,Productive
Reminder: Project due on Friday,Productive
The shared document has been updated,Productive
Your access to the system has been successfully restored.,Productive
Summary of today's meeting in the attached file,Productive
Please review and approve the attached contract.,Productive
Your vacation request has been registered,Productive
Weekly team metrics report,Productive
We confirm the meeting for tomorrow at 10am.,Productive
I attach the sales report for the quarter.,Productive
We need your approval for the proposal,Productive
Reminder: Project due on Friday,Productive
The shared document has been updated,Productive
Your access to the system has been successfully restored.,Productive
Summary of today's meeting in the attached file,Productive
Please review and approve the attached contract.,Productive
Your vacation request has been registered,Productive
Weekly team metrics report,Productive
"You won a prize, click on this link",Unproductive
Buy now and receive a 50% discount,Unproductive
"Congratulations, you were selected for a raffle.",Unproductive
Incredible limited-time offer,Unproductive
Become a millionaire working from home,Unproductive
Download this file to get your reward,Unproductive
Your account was selected for an exclusive bonus,Unproductive
Click here to claim your gift card,Unproductive
Special offer on nutritional supplements,Unproductive
Get free followers on your social networks,Unproductive
"You won a prize, click on this link",Unproductive
Buy now and receive a 50% discount,Unproductive
"Congratulations, you were selected for a raffle.",Unproductive
Incredible limited-time offer,Unproductive
Become a millionaire working from home,Unproductive
Download this file to get your reward,Unproductive
Your account was selected for an exclusive bonus,Unproductive
Click here to claim your gift card,Unproductive
Special offer on nutritional supplements,Unproductive
Get free followers on your social networks,Unproductive
"You won a prize, click on this link",Unproductive
Buy now and receive a 50% discount,Unproductive
"Congratulations, you were selected for a raffle.",Unproductive
Incredible limited-time offer,Unproductive
Become a millionaire working from home,Unproductive
Download this file to get your reward,Unproductive
Your account was selected for an exclusive bonus,Unproductive
Click here to claim your gift card,Unproductive
Special offer on nutritional supplements,Unproductive
Get free followers on your social networks,Unproductive
"You won a prize, click on this link",Unproductive
Buy now and receive a 50% discount,Unproductive
"Congratulations, you were selected for a raffle.",Unproductive
Incredible limited-time offer,Unproductive
Become a millionaire working from home,Unproductive
Download this file to get your reward,Unproductive
Your account was selected for an exclusive bonus,Unproductive
Click here to claim your gift card,Unproductive
Special offer on nutritional supplements,Unproductive
Get free followers on your social networks,Unproductive
"You won a prize, click on this link",Unproductive
Buy now and receive a 50% discount,Unproductive
"Congratulations, you were selected for a raffle.",Unproductive
Incredible limited-time offer,Unproductive
Become a millionaire working from home,Unproductive
Download this file to get your reward,Unproductive
Your account was selected for an exclusive bonus,Unproductive
Click here to claim your gift card,Unproductive
Special offer on nutritional supplements,Unproductive
Get free followers on your social networks,Unproductive
Flash Sale: 80% off on selected gadgets until midnight!,Unproductive
Weekly Trivia Night: Form your team and win fun prizes this Friday.,Unproductive
"Your daily mindfulness tip is here. Breathe in, breathe out.",Unproductive
Weekend getaway deals starting at $49—book your stay now.,Unproductive
Exclusive access to early bird concert tickets just for you.,Unproductive
Double points week! Earn extra rewards on every purchase.,Unproductive
Your friend tagged you in a photo. See what they posted!,Unproductive
Try our new seasonal menu—pumpkin lattes are back!,Unproductive
You’ve been selected to answer a quick lifestyle survey.,Unproductive
Daily crossword puzzle: sharpen your mind and have fun.,Unproductive
Limited-time giveaway: enter to win a smartwatch today.,Unproductive
New podcast episode: Top 10 travel destinations in 2025.,Unproductive
Friendly reminder: Cousin’s barbecue this Sunday at 1 PM.,Unproductive
You have 5 new followers—see who connected with you.,Unproductive
Spin the wheel and unlock a mystery discount!,Unproductive
Upgrade to Premium Music for ad-free listening.,Unproductive
Discover your perfect skincare routine with our quiz.,Unproductive
Flashback photos from last year—relive your memories.,Unproductive
Local art fair this weekend: free entry for all ages.,Unproductive
"Join our wellness challenge: 10,000 steps a day.",Unproductive
Hot take newsletter: meme recap of the week.,Unproductive
Claim your birthday month free dessert at Bella’s Bistro.,Unproductive
"24-hour headline deals: footwear, jackets, and more!",Unproductive
Your horoscope update is ready—see what’s in the stars.,Unproductive
Watch live: esports championship streaming at 6 PM.,Unproductive
Neighborhood yoga in the park every Saturday morning.,Unproductive
Limited seats: wine tasting event on Thursday night.,Unproductive
Turn on notifications to never miss celebrity news.,Unproductive
New fashion arrivals just dropped—shop the lookbook.,Unproductive
Join our photography contest and showcase your talent.,Unproductive
Weekend flash raffle: win headphones and gift cards.,Unproductive
Stream the new docuseries everyone’s talking about.,Unproductive
Guess the movie from emojis—win a voucher.,Unproductive
Beach cleanup volunteer day—free snacks provided.,Unproductive
Fan club update: pre-order the limited edition vinyl.,Unproductive
Recipe of the week: one-pot creamy pasta.,Unproductive
Check out trending playlists curated just for you.,Unproductive
Friendly reminder: book club meets Wednesday at 7 PM.,Unproductive
Exclusive beta: try our new mobile game now.,Unproductive
City marathon registration closes tonight—sign up now!,Unproductive
Your pet’s monthly treat box is here—open for a surprise.,Unproductive
Open house: tour modern lofts downtown this weekend.,Unproductive
Late-night happy hour: 2-for-1 wings and sodas.,Unproductive
Get 3 months of streaming for the price of 1.,Unproductive
Trivia poll: which pizza topping reigns supreme?,Unproductive
We miss you! Here’s 25% off to come back.,Unproductive
Your daily joke is here—start the day with a laugh.,Unproductive
Handmade crafts market: Saturday 10–16h at Riverside.,Unproductive
Live DJ set tonight: RSVP for free entry.,Unproductive
New hiking group forming—weekend trail adventures.,Unproductive
Reminder: Submit your quarterly OKRs by EOD Friday.,Productive
Action needed: Approve expense report #48219 in Concur.,Productive
Code review requested: PR #1437 awaiting your feedback.,Productive
Deployment succeeded: v2.3.1 is live on production.,Productive
New Jira ticket assigned to you: FRONT-912.,Productive
Reminder: Annual compliance training due by Sept 30.,Productive
Data pipeline alert: Job ETL-Nightly failed at 02:14.,Productive
Please sign the updated contractor agreement by Friday.,Productive
Meeting rescheduled: Product Strategy now Tuesday 10 AM.,Productive
Vendor contract renewal attached for your review.,Productive
Onboarding checklist: complete steps 3–5 in the portal.,Productive
Reminder: Upload your W-9 tax form to Payroll.,Productive
Security notice: New login from an unknown device.,Productive
Please provide Q3 revenue projections by tomorrow.,Productive
Incident report: Postmortem draft ready for comments.,Productive
Your purchase order #775310 has been approved.,Productive
Client demo on Thursday: slides attached for review.,Productive
"Room booking confirmed: War Room B, 14:00–16:00.",Productive
Reminder: Standup notes are missing for today’s meeting.,Productive
SLA breach warning: Ticket 20931 overdue by 2 hours.,Productive
Access granted: You now have S3 read permissions.,Productive
Payroll confirmation: Your reimbursement was processed.,Productive
Request: Share the API spec by noon for integration.,Productive
Audit scheduled: SOC 2 evidence collection starts Monday.,Productive
Reminder: Update the runbook after the latest changes.,Productive
Please review and merge localization strings by EOD.,Productive
System alert: High error rate detected on service auth.,Productive
Board meeting agenda attached—confirm attendance.,Productive
KPI dashboard updated: check the new retention metrics.,Productive
Your shift swap request was approved for Friday.,Productive
Reminder: Submit timesheet before 18:00.,Productive
Security update: VPN client requires an immediate update.,Productive
QA report: 12 regressions found in build 1089.,Productive
Action required: Reset MFA on your account.,Productive
Invitation: Sprint Planning on Monday 9:30 AM.,Productive
Billing notice: Invoice #INV-2031 is past due.,Productive
Please attach the legal disclaimer to the press release.,Productive
Access request pending your approval: dev-db-admin.,Productive
Draft contract updated with redlines—needs your input.,Productive
Supplier delivery delay: New ETA is Oct 3.,Productive
Reminder: Quarterly penetration test begins tomorrow.,Productive
Budget review: Provide comments on sheet ‘Q4 Forecast’.,Productive
New hire equipment order requires your sign-off.,Productive
Ticket escalated: Customer cannot access dashboard.,Productive
Production freeze scheduled for Friday 18:00–22:00.,Productive
Workshop materials attached: AI Ethics 101.,Productive
Action needed: Rotate API keys before expiry.,Productive
Reminder: Submit slides for the All-Hands by noon.,Productive
SOC alert: Suspicious outbound traffic detected.,Productive
Please review the hiring plan for Q1 headcount.,Productive
Your access to the finance folder expires in 3 days.,Productive
